timestamp,total_runtime,url_download,thread_distribution,thread_execution,word_count_total,top_words_total,longest_word_total,sentence_count_total,char_freq_total,palindrome_total,word_len_dist_total,word_start_char_total,avg_word_len_total,urls_processed,urls_failed,total_bytes
"2025-06-11 21:47:50",7614.06,7583.82,0.00,24.27,1.77,4.29,0.45,1.61,0.18,0.39,0.28,1.82,1.26,19,0,3600
"2025-06-11 21:49:04",8429.85,8391.87,0.00,16.41,0.18,0.56,0.30,0.04,0.08,0.17,0.16,0.17,0.22,18,0,3600
"2025-06-11 21:53:50",30407.95,30382.68,0.00,17.67,0.39,2.47,0.59,0.08,0.61,1.29,0.71,0.52,0.63,18,0,3600
"2025-06-11 21:54:29",27545.74,27519.75,0.00,17.95,0.52,0.86,0.38,0.07,0.10,0.25,0.29,0.25,0.25,18,0,3600
"2025-06-11 21:55:10",18837.08,18803.08,0.00,25.86,6.05,5.63,7.80,5.19,4.88,0.54,3.55,3.20,2.68,18,0,3600
"2025-06-11 21:58:49",7592.60,7563.46,0.00,22.77,0.33,6.95,0.54,0.06,0.15,0.15,0.15,0.18,0.15,18,0,3600
"2025-06-11 22:49:18",26551.69,26520.56,0.00,21.63,0.29,1.22,1.71,0.07,0.62,1.57,3.96,1.14,0.35,18,0,3600
"2025-06-11 22:50:05",16196.26,16160.59,0.00,28.00,3.91,5.31,5.01,2.92,2.99,0.95,0.41,0.61,0.43,18,0,3600
"2025-06-11 22:50:32",12149.85,12137.35,0.00,6.31,0.11,0.26,0.13,0.02,0.07,0.13,0.10,0.08,0.14,18,0,3600
"2025-06-11 22:52:43",12895.24,12871.45,0.00,13.64,0.71,1.25,0.46,0.14,0.24,0.45,0.36,0.83,0.29,18,0,3600
"2025-06-11 22:57:33",9365.46,9353.67,0.00,6.52,0.16,0.33,0.12,0.02,0.06,0.15,0.11,0.12,0.10,18,0,3600
"2025-06-11 22:58:16",11855.73,11824.59,0.00,21.11,0.53,2.79,0.45,0.12,0.17,0.80,0.38,0.37,0.39,18,0,3600
"2025-06-11 22:59:06",9091.10,9067.43,0.00,15.46,0.29,1.30,0.41,0.10,0.10,0.47,0.58,0.41,0.79,18,0,3600
"2025-06-11 22:59:57",10985.36,10967.31,0.00,11.57,0.30,0.91,0.36,0.05,0.12,0.36,0.28,0.38,0.54,18,0,3600
"2025-06-11 23:00:54",13202.29,13175.36,0.00,17.17,0.28,1.10,0.38,0.07,0.11,0.51,0.50,0.31,0.37,18,0,3600
"2025-06-11 23:01:20",9770.73,9758.08,0.00,7.04,0.09,0.32,0.13,0.02,0.05,0.12,0.14,0.14,0.10,18,0,3600
"2025-06-11 23:01:49",17535.77,17514.73,0.00,13.68,0.43,1.43,0.49,0.08,0.12,0.43,0.21,0.72,0.29,18,0,3600
"2025-06-11 23:03:38",14422.44,14397.74,0.00,17.70,0.34,3.95,0.37,0.05,0.07,0.35,0.32,0.43,0.22,18,0,3600
"2025-06-11 23:04:17",9829.88,9798.27,0.00,22.11,0.48,1.73,0.41,0.07,0.25,0.46,1.47,0.33,1.12,18,0,3600
"2025-06-12 11:55:16",5997.11,5944.60,0.00,7.41,0.00,0.00,0.00,0.00,0.00,0.00,0.00,0.00,0.00,0,18,0
"2025-06-12 12:09:05",2026.00,2008.85,0.00,11.14,0.76,0.73,0.27,0.06,0.20,0.18,0.18,0.20,0.20,18,0,3600
"2025-06-12 12:09:59",1826.61,1808.85,0.00,11.64,0.12,0.72,0.14,0.04,0.05,0.12,0.08,0.08,0.25,18,0,1800
"2025-06-12 12:10:24",2136.66,2108.06,0.00,22.76,0.77,4.77,2.47,1.15,0.46,0.91,0.60,1.15,0.66,18,0,9000
